INSERT INTO TP_MENU (COD_MENU, IMAGEM, URL, NOME, COD_PARENTE) VALUES (1, NULL, NULL, 'ROOT', NULL);
INSERT INTO TP_MENU (COD_MENU, IMAGEM, URL, NOME, COD_PARENTE) VALUES (2, 'ui-icon ui-icon-home', '/web/pages/index.xhtml', 'menu.home', 1);
INSERT INTO TP_MENU (COD_MENU, IMAGEM, URL, NOME, COD_PARENTE) VALUES (3, NULL, NULL, 'menu.ata', 1);
INSERT INTO TP_MENU (COD_MENU, IMAGEM, URL, NOME, COD_PARENTE) VALUES (4, NULL, NULL, 'menu.branch', 1);
INSERT INTO TP_MENU (COD_MENU, IMAGEM, URL, NOME, COD_PARENTE) VALUES (5, NULL, NULL, 'menu.team.branch', 1);
INSERT INTO TP_MENU (COD_MENU, IMAGEM, URL, NOME, COD_PARENTE) VALUES (6, 'ui-icon ui-icon-note', NULL, 'menu.report', 1);
INSERT INTO TP_MENU (COD_MENU, IMAGEM, URL, NOME, COD_PARENTE) VALUES (7, 'ui-icon ui-icon-circlesmall-close', NULL, 'menu.logout', 1);

INSERT INTO TP_MENU (COD_MENU, IMAGEM, URL, NOME, COD_PARENTE) VALUES (8, 'ui-icon ui-icon-disk', '/web/pages/ata/cadastro.xhtml', 'submenu.ata.registry', 3);
INSERT INTO TP_MENU (COD_MENU, IMAGEM, URL, NOME, COD_PARENTE) VALUES (9, 'ui-icon ui-icon-search', '/web/pages/ata/lista.xhtml', 'submenu.ata.search', 3);

INSERT INTO TP_MENU (COD_MENU, IMAGEM, URL, NOME, COD_PARENTE) VALUES (10, 'ui-icon ui-icon-disk', '/web/pages/filial/cadastro.xhtml', 'submenu.branch.registry', 4);
INSERT INTO TP_MENU (COD_MENU, IMAGEM, URL, NOME, COD_PARENTE) VALUES (11, 'ui-icon ui-icon-search', '/web/pages/filial/lista.xhtml', 'submenu.branch.search', 4);

INSERT INTO TP_MENU (COD_MENU, IMAGEM, URL, NOME, COD_PARENTE) VALUES (12, 'ui-icon ui-icon-disk', '/web/pages/equipe-vendedor/cadastro.xhtml', 'submenu.team.branch.registry', 5);
INSERT INTO TP_MENU (COD_MENU, IMAGEM, URL, NOME, COD_PARENTE) VALUES (13, 'ui-icon ui-icon-search', '/web/pages/equipe-vendedor/lista.xhtml', 'submenu.team.branch.search', 5);

INSERT INTO TP_MENU (COD_MENU, IMAGEM, URL, NOME, COD_PARENTE) VALUES (14, 'ui-icon ui-icon-clipboard', '/web/pages/relatorio/lista.xhtml', 'menu.report.team.branch', 6);

--------------- MENU PERFIL MF ----------

-- GERENTE
INSERT INTO TP_MENU_PERFIL_MF (COD_MENU_PERFIL, COD_PERFIL, COD_MENU) 
VALUES (SEQ_TP_MENU_PERFIL_MF.NEXTVAL, (SELECT COD_PERFIL FROM MF_PERFIL WHERE NOME = 'PE - GERENTE'), 2);

INSERT INTO TP_MENU_PERFIL_MF (COD_MENU_PERFIL, COD_PERFIL, COD_MENU) 
VALUES (SEQ_TP_MENU_PERFIL_MF.NEXTVAL, (SELECT COD_PERFIL FROM MF_PERFIL WHERE NOME = 'PE - GERENTE'), 6);

INSERT INTO TP_MENU_PERFIL_MF (COD_MENU_PERFIL, COD_PERFIL, COD_MENU) 
VALUES (SEQ_TP_MENU_PERFIL_MF.NEXTVAL, (SELECT COD_PERFIL FROM MF_PERFIL WHERE NOME = 'PE - GERENTE'), 14);

INSERT INTO TP_MENU_PERFIL_MF (COD_MENU_PERFIL, COD_PERFIL, COD_MENU) 
VALUES (SEQ_TP_MENU_PERFIL_MF.NEXTVAL, (SELECT COD_PERFIL FROM MF_PERFIL WHERE NOME = 'PE - GERENTE'), 7);

-- ADMINISTRATIVAS
INSERT INTO TP_MENU_PERFIL_MF (COD_MENU_PERFIL, COD_PERFIL, COD_MENU) 
VALUES (SEQ_TP_MENU_PERFIL_MF.NEXTVAL, (SELECT COD_PERFIL FROM MF_PERFIL WHERE NOME = 'PE - ADMIN.'), 2);

INSERT INTO TP_MENU_PERFIL_MF (COD_MENU_PERFIL, COD_PERFIL, COD_MENU) 
VALUES (SEQ_TP_MENU_PERFIL_MF.NEXTVAL, (SELECT COD_PERFIL FROM MF_PERFIL WHERE NOME = 'PE - ADMIN.'), 5);

INSERT INTO TP_MENU_PERFIL_MF (COD_MENU_PERFIL, COD_PERFIL, COD_MENU) 
VALUES (SEQ_TP_MENU_PERFIL_MF.NEXTVAL, (SELECT COD_PERFIL FROM MF_PERFIL WHERE NOME = 'PE - ADMIN.'), 7);

INSERT INTO TP_MENU_PERFIL_MF (COD_MENU_PERFIL, COD_PERFIL, COD_MENU) 
VALUES (SEQ_TP_MENU_PERFIL_MF.NEXTVAL, (SELECT COD_PERFIL FROM MF_PERFIL WHERE NOME = 'PE - ADMIN.'), 12);

INSERT INTO TP_MENU_PERFIL_MF (COD_MENU_PERFIL, COD_PERFIL, COD_MENU) 
VALUES (SEQ_TP_MENU_PERFIL_MF.NEXTVAL, (SELECT COD_PERFIL FROM MF_PERFIL WHERE NOME = 'PE - ADMIN.'), 13);


--- COMERCIAL
INSERT INTO TP_MENU_PERFIL_MF (COD_MENU_PERFIL, COD_PERFIL, COD_MENU) 
VALUES (SEQ_TP_MENU_PERFIL_MF.NEXTVAL, (SELECT COD_PERFIL FROM MF_PERFIL WHERE NOME = 'PE - COMERCIAL'), 2);

INSERT INTO TP_MENU_PERFIL_MF (COD_MENU_PERFIL, COD_PERFIL, COD_MENU) 
VALUES (SEQ_TP_MENU_PERFIL_MF.NEXTVAL, (SELECT COD_PERFIL FROM MF_PERFIL WHERE NOME = 'PE - COMERCIAL'), 3);

INSERT INTO TP_MENU_PERFIL_MF (COD_MENU_PERFIL, COD_PERFIL, COD_MENU) 
VALUES (SEQ_TP_MENU_PERFIL_MF.NEXTVAL, (SELECT COD_PERFIL FROM MF_PERFIL WHERE NOME = 'PE - COMERCIAL'), 4);

INSERT INTO TP_MENU_PERFIL_MF (COD_MENU_PERFIL, COD_PERFIL, COD_MENU) 
VALUES (SEQ_TP_MENU_PERFIL_MF.NEXTVAL, (SELECT COD_PERFIL FROM MF_PERFIL WHERE NOME = 'PE - COMERCIAL'), 5);

INSERT INTO TP_MENU_PERFIL_MF (COD_MENU_PERFIL, COD_PERFIL, COD_MENU) 
VALUES (SEQ_TP_MENU_PERFIL_MF.NEXTVAL, (SELECT COD_PERFIL FROM MF_PERFIL WHERE NOME = 'PE - COMERCIAL'), 6);

INSERT INTO TP_MENU_PERFIL_MF (COD_MENU_PERFIL, COD_PERFIL, COD_MENU) 
VALUES (SEQ_TP_MENU_PERFIL_MF.NEXTVAL, (SELECT COD_PERFIL FROM MF_PERFIL WHERE NOME = 'PE - COMERCIAL'), 7);

INSERT INTO TP_MENU_PERFIL_MF (COD_MENU_PERFIL, COD_PERFIL, COD_MENU) 
VALUES (SEQ_TP_MENU_PERFIL_MF.NEXTVAL, (SELECT COD_PERFIL FROM MF_PERFIL WHERE NOME = 'PE - COMERCIAL'), 8);

INSERT INTO TP_MENU_PERFIL_MF (COD_MENU_PERFIL, COD_PERFIL, COD_MENU) 
VALUES (SEQ_TP_MENU_PERFIL_MF.NEXTVAL, (SELECT COD_PERFIL FROM MF_PERFIL WHERE NOME = 'PE - COMERCIAL'), 9);

INSERT INTO TP_MENU_PERFIL_MF (COD_MENU_PERFIL, COD_PERFIL, COD_MENU) 
VALUES (SEQ_TP_MENU_PERFIL_MF.NEXTVAL, (SELECT COD_PERFIL FROM MF_PERFIL WHERE NOME = 'PE - COMERCIAL'), 10);

INSERT INTO TP_MENU_PERFIL_MF (COD_MENU_PERFIL, COD_PERFIL, COD_MENU) 
VALUES (SEQ_TP_MENU_PERFIL_MF.NEXTVAL, (SELECT COD_PERFIL FROM MF_PERFIL WHERE NOME = 'PE - COMERCIAL'), 11);

INSERT INTO TP_MENU_PERFIL_MF (COD_MENU_PERFIL, COD_PERFIL, COD_MENU) 
VALUES (SEQ_TP_MENU_PERFIL_MF.NEXTVAL, (SELECT COD_PERFIL FROM MF_PERFIL WHERE NOME = 'PE - COMERCIAL'), 12);

INSERT INTO TP_MENU_PERFIL_MF (COD_MENU_PERFIL, COD_PERFIL, COD_MENU) 
VALUES (SEQ_TP_MENU_PERFIL_MF.NEXTVAL, (SELECT COD_PERFIL FROM MF_PERFIL WHERE NOME = 'PE - COMERCIAL'), 13);

INSERT INTO TP_MENU_PERFIL_MF (COD_MENU_PERFIL, COD_PERFIL, COD_MENU) 
VALUES (SEQ_TP_MENU_PERFIL_MF.NEXTVAL, (SELECT COD_PERFIL FROM MF_PERFIL WHERE NOME = 'PE - COMERCIAL'), 14);

--------------- SITUAÇÃO -----------------

INSERT INTO TP_SITUACAO (COD_SITUACAO, NOME, TIPO) VALUES (1, 'Ativo', 'B');
INSERT INTO TP_SITUACAO (COD_SITUACAO, NOME, TIPO) VALUES (2, 'Demitido', 'B');
INSERT INTO TP_SITUACAO (COD_SITUACAO, NOME, TIPO) VALUES (3, 'Retorno ao cargo', 'B');
INSERT INTO TP_SITUACAO (COD_SITUACAO, NOME, TIPO) VALUES (4, 'Experiência', 'B');
INSERT INTO TP_SITUACAO (COD_SITUACAO, NOME, TIPO) VALUES (5, 'Transferência', 'B');

INSERT INTO TP_SITUACAO (COD_SITUACAO, NOME, TIPO) VALUES (6, 'Afastado', 'V');
INSERT INTO TP_SITUACAO (COD_SITUACAO, NOME, TIPO) VALUES (7, 'Transferência de equipe', 'V');
INSERT INTO TP_SITUACAO (COD_SITUACAO, NOME, TIPO) VALUES (8, 'Ferias', 'S');

---------------- STATUS -----------------

INSERT INTO TP_STATUS (COD_STATUS, NOME, SIGLA, ATIVO) VALUES (1, 'Ativo', 'A', 'S');
INSERT INTO TP_STATUS (COD_STATUS, NOME, SIGLA, ATIVO) VALUES (2, 'Inativo', 'I', 'S');
INSERT INTO TP_STATUS (COD_STATUS, NOME, SIGLA, ATIVO) VALUES (3, 'Pendente', 'P', 'S');
INSERT INTO TP_STATUS (COD_STATUS, NOME, SIGLA, ATIVO) VALUES (4, 'Pendente Gerente', 'PG', 'S');
INSERT INTO TP_STATUS (COD_STATUS, NOME, SIGLA, ATIVO) VALUES (5, 'Aprovado', 'AP', 'S');
INSERT INTO TP_STATUS (COD_STATUS, NOME, SIGLA, ATIVO) VALUES (6, 'Reprovado', 'R', 'S');
INSERT INTO TP_STATUS (COD_STATUS, NOME, SIGLA, ATIVO) VALUES (7, 'Atualizado Sistema', 'AS', 'S');


-------------------- SOLD CODE --------------------

INSERT INTO TP_CODIGO_VENDA (COD_CODIGO_VENDA, CODIGO, NOME, TIPO, STATUS) VALUES (1, '01', 'VENDEDOR  ATA', 'V', 'T');
INSERT INTO TP_CODIGO_VENDA (COD_CODIGO_VENDA, CODIGO, NOME, TIPO, STATUS) VALUES (2, '13', 'VENDEDOR MITSUBISHI', 'V', 'T');
INSERT INTO TP_CODIGO_VENDA (COD_CODIGO_VENDA, CODIGO, NOME, TIPO, STATUS) VALUES (3, '17', 'VENDAS WEB', 'V', 'T');
INSERT INTO TP_CODIGO_VENDA (COD_CODIGO_VENDA, CODIGO, NOME, TIPO, STATUS) VALUES (4, '18', 'VENDEDOR COM HIERARQUIA', 'V', 'T');
INSERT INTO TP_CODIGO_VENDA (COD_CODIGO_VENDA, CODIGO, NOME, TIPO, STATUS) VALUES (5, '28', 'VENDEDOR DIAMANTE', 'V', 'T');
INSERT INTO TP_CODIGO_VENDA (COD_CODIGO_VENDA, CODIGO, NOME, TIPO, STATUS) VALUES (6, '43', 'VENDEDOR ESPECÍFICO', 'V', 'T');
INSERT INTO TP_CODIGO_VENDA (COD_CODIGO_VENDA, CODIGO, NOME, TIPO, STATUS) VALUES (7, '60', 'VENDEDOR ATA DESLIGADO', 'V', 'T');
INSERT INTO TP_CODIGO_VENDA (COD_CODIGO_VENDA, CODIGO, NOME, TIPO, STATUS) VALUES (8, '61', 'VENDEDOR DESLIGADO WEB', 'V', 'T');

INSERT INTO TP_CODIGO_VENDA (COD_CODIGO_VENDA, CODIGO, NOME, TIPO, STATUS) VALUES (9, '31', 'SUPERVISOR WEB', 'S', 'T');
INSERT INTO TP_CODIGO_VENDA (COD_CODIGO_VENDA, CODIGO, NOME, TIPO, STATUS) VALUES (10, '35', 'SUPERVISOR FOLHA', 'S', 'T');
INSERT INTO TP_CODIGO_VENDA (COD_CODIGO_VENDA, CODIGO, NOME, TIPO, STATUS) VALUES (11, '64', 'SUPERVISOR DIAMANTE', 'S', 'T');
INSERT INTO TP_CODIGO_VENDA (COD_CODIGO_VENDA, CODIGO, NOME, TIPO, STATUS) VALUES (12, '65', 'SUPERVISOR SCORE', 'S', 'T');

INSERT INTO TP_CODIGO_VENDA (COD_CODIGO_VENDA, CODIGO, NOME, TIPO, STATUS) VALUES (13, '70', 'GERENTE DE FILIAL', 'G', 'T');

INSERT INTO TP_CODIGO_VENDA (COD_CODIGO_VENDA, CODIGO, NOME, TIPO, STATUS) VALUES (14, '66', 'REGIONAL FILIAL', 'R', 'T');

-------------------------------- CONFIGURATION -------------------------

INSERT INTO TP_CONFIGURACOES (COD_CONFIGURACOES, CLASS_NAME, TIPO, VALOR) VALUES (1, 'br.com.embracon.teamposition.domain.entity.TeamSeller', 'AMOUNT_SUPERVISOR_TEAM', 2);
INSERT INTO TP_CONFIGURACOES (COD_CONFIGURACOES, CLASS_NAME, TIPO, VALOR) VALUES (2, 'br.com.embracon.teamposition.domain.entity.Collaborator', 'AMOUNT_ABSENCE_DAYS', -360);
INSERT INTO TP_CONFIGURACOES (COD_CONFIGURACOES, CLASS_NAME, TIPO, VALOR) VALUES (3, 'br.com.embracon.teamposition.domain.entity.Ata', 'DAYS_AFTER_CONCLUDE_REGISTRY', 3);
INSERT INTO TP_CONFIGURACOES (COD_CONFIGURACOES, CLASS_NAME, TIPO, VALOR) VALUES (4, 'br.com.embracon.teamposition.domain.entity.Ata', 'DAYS_CLONE_TEAM_POSITION', 2);
